{
  "alpha_text": 0.7029956286013593,
  "beta_image": 0.3,
  "money_coef": 0.12994280467536962
}